{
  "meta": {
    "days": 6,
    "seed": 1337,
    "targetCityId": "C1",
    "generatedAt": "2026-03-01T15:20:07.613Z"
  },
  "tests": {
    "testA": {
      "name": "A",
      "principle": "Individuals ↔ Institutions ↔ Environment",
      "pass": false,
      "checks": {
        "behaviorChanged": true,
        "cityChanged": true,
        "policyAdapted": false
      },
      "baseline": {
        "name": "A_baseline",
        "ticks": 288,
        "population": 886,
        "behavior": {
          "relocationRatePerTick": 0.0003683847504389265,
          "marriageRatePerTick": 0.0004506834712816654,
          "birthRatePerTick": 0.00000783797341359418,
          "avgUnemployment": 17.14444444444441,
          "avgIncome": 0.7699722222222217
        },
        "city": {
          "targetCityId": "C1",
          "productivity": 1.460486961247859,
          "safety": 0.047146599181343576,
          "trust": 0.9782102428629261,
          "instabilityRisk": 0.7681958712196201,
          "inequality": 0.6041931811321691
        },
        "institutions": {
          "cooperationIndex": 0,
          "mutationCount": 10,
          "policyRevisionCount": 340,
          "cityPolicyAction": "balanced_focus",
          "cityPolicyMutationCount": 0,
          "cityEducationPolicyAction": "balanced",
          "cityEducationPolicyUpdates": 6
        },
        "policyGenome": {
          "enabled": true,
          "tick": 288,
          "lastEvolutionTick": 288,
          "cityFitness": 0.7269
        },
        "geopolitics": {
          "avgTension": 0.029361111111110824,
          "maxAvgTension": 0.07600000000000001,
          "maxWarPairs": 0,
          "maxCrisisPairs": 0,
          "finalStatuses": {
            "peace": 6
          },
          "borderRestrictedEdges": 7
        },
        "social": {
          "avgInstability": 0.27236458333333313,
          "avgSafety": 0.7822078187812112,
          "avgAge": 41.67331704752799,
          "avgOpenness": 0.5191918812613053,
          "avgFamilyOriented": 0.5437713636583018,
          "religiousDiversity": -322.1787895255788,
          "wealthGini": 0.40218065546710124
        },
        "events": {
          "riotRisk": 358,
          "war": 0,
          "crisis": 5,
          "sanction": 0
        }
      },
      "intervention": {
        "name": "A_intervention",
        "ticks": 288,
        "population": 888,
        "behavior": {
          "relocationRatePerTick": 0.0001564064064064064,
          "marriageRatePerTick": 0.00042620745745745745,
          "birthRatePerTick": 0.00001564064064064064,
          "avgUnemployment": 17.27256944444442,
          "avgIncome": 0.8188229166666662
        },
        "city": {
          "targetCityId": "C1",
          "productivity": 1.6035490189122292,
          "safety": 0.9756523925972542,
          "trust": 0.9771995930500164,
          "instabilityRisk": 0.28275021035266,
          "inequality": 0.4575206828566171
        },
        "institutions": {
          "cooperationIndex": 0,
          "mutationCount": 9,
          "policyRevisionCount": 300,
          "cityPolicyAction": "balanced_focus",
          "cityPolicyMutationCount": 0,
          "cityEducationPolicyAction": "balanced",
          "cityEducationPolicyUpdates": 6
        },
        "policyGenome": {
          "enabled": true,
          "tick": 288,
          "lastEvolutionTick": 288,
          "cityFitness": 0.932
        },
        "geopolitics": {
          "avgTension": 0.03569444444444439,
          "maxAvgTension": 0.09316666666666668,
          "maxWarPairs": 0,
          "maxCrisisPairs": 0,
          "finalStatuses": {
            "peace": 5,
            "alliance": 1
          },
          "borderRestrictedEdges": 0
        },
        "social": {
          "avgInstability": 0.16444097222222215,
          "avgSafety": 0.9676047231943993,
          "avgAge": 41.54125941009525,
          "avgOpenness": 0.5361781333475915,
          "avgFamilyOriented": 0.561096201357944,
          "religiousDiversity": -322.86771683075966,
          "wealthGini": 0.42159824454861194
        },
        "events": {
          "riotRisk": 0,
          "war": 0,
          "crisis": 6,
          "sanction": 0
        }
      },
      "delta": {
        "behavior": {
          "relocationRatePerTick": -0.000212,
          "marriageRatePerTick": -0.000024,
          "birthRatePerTick": 0.000008,
          "avgUnemployment": 0.128125,
          "avgIncome": 0.048851
        },
        "city": {
          "productivity": 0.143062,
          "safety": 0.928506,
          "trust": -0.001011,
          "instabilityRisk": -0.485446,
          "inequality": -0.146672
        },
        "institutions": {
          "cooperationIndex": 0,
          "mutationCount": -1,
          "policyRevisionCount": -40,
          "cityPolicyMutationCount": 0,
          "cityEducationPolicyUpdates": 0
        },
        "geopolitics": {
          "avgTension": 0.006333,
          "maxAvgTension": 0.017167,
          "maxWarPairs": 0,
          "maxCrisisPairs": 0,
          "borderRestrictedEdges": -7
        },
        "social": {
          "avgInstability": -0.107924,
          "avgSafety": 0.185397,
          "avgAge": -0.132058,
          "religiousDiversity": -0.688927,
          "wealthGini": 0.019418
        }
      }
    },
    "testB": {
      "name": "B",
      "principle": "Multi-scale coevolution",
      "pass": false,
      "checks": {
        "economyShock": true,
        "migrationShift": true,
        "cityDestabilize": true,
        "geopoliticalSpill": false,
        "feedbackToCities": false
      },
      "score": 3,
      "baseline": {
        "name": "B_baseline",
        "ticks": 288,
        "population": 886,
        "behavior": {
          "relocationRatePerTick": 0.0003683847504389265,
          "marriageRatePerTick": 0.0004506834712816654,
          "birthRatePerTick": 0.00000783797341359418,
          "avgUnemployment": 17.14444444444441,
          "avgIncome": 0.7699722222222217
        },
        "city": {
          "targetCityId": "C1",
          "productivity": 1.460486961247859,
          "safety": 0.047146599181343576,
          "trust": 0.9782102428629261,
          "instabilityRisk": 0.7681958712196201,
          "inequality": 0.6041931811321691
        },
        "institutions": {
          "cooperationIndex": 0,
          "mutationCount": 10,
          "policyRevisionCount": 340,
          "cityPolicyAction": "balanced_focus",
          "cityPolicyMutationCount": 0,
          "cityEducationPolicyAction": "balanced",
          "cityEducationPolicyUpdates": 6
        },
        "policyGenome": {
          "enabled": true,
          "tick": 288,
          "lastEvolutionTick": 288,
          "cityFitness": 0.7269
        },
        "geopolitics": {
          "avgTension": 0.029361111111110824,
          "maxAvgTension": 0.07600000000000001,
          "maxWarPairs": 0,
          "maxCrisisPairs": 0,
          "finalStatuses": {
            "peace": 6
          },
          "borderRestrictedEdges": 7
        },
        "social": {
          "avgInstability": 0.27236458333333313,
          "avgSafety": 0.7822078187812112,
          "avgAge": 41.67331704752799,
          "avgOpenness": 0.5191918812613053,
          "avgFamilyOriented": 0.5437713636583018,
          "religiousDiversity": -322.1787895255788,
          "wealthGini": 0.40218065546710124
        },
        "events": {
          "riotRisk": 358,
          "war": 0,
          "crisis": 5,
          "sanction": 0
        }
      },
      "intervention": {
        "name": "B_shock",
        "ticks": 288,
        "population": 878,
        "behavior": {
          "relocationRatePerTick": 0.0004982915717539864,
          "marriageRatePerTick": 0.0005220197418375095,
          "birthRatePerTick": 0.000019773475069602633,
          "avgUnemployment": 22.83229166666668,
          "avgIncome": 0.5891458333333334
        },